{
  "particles": {
    "number": {
      "value": 80,
      "density": {
        "enable": true,
        "value_area": 1000
      }
    },
    "color": {
      "value": ["#ffffff", "#d9d9d9", "#b3b3b3", "#99ccff", "#ffd700"]
    },
    "shape": {
      "type": "circle"
    },
    "opacity": {
      "value": 0.8,
      "random": true,
      "anim": {
        "enable": true,
        "speed": 0.5,
        "opacity_min": 0.3,
        "sync": false
      }
    },
    "size": {
      "value": 3,
      "random": true
    },
    "line_linked": {
      "enable": true,
      "distance": 120,
      "color": "#ffffff",
      "opacity": 0.4,
      "width": 0.8
    },
    "move": {
      "enable": true,
      "speed": 1,
      "direction": "none",
      "random": true,
      "straight": false,
      "out_mode": "out",
      "bounce": false
    }
  },
  "interactivity": {
    "events": {
      "onhover": {
        "enable": true,
        "mode": "repulse"
      },
      "onclick": {
        "enable": true,
        "mode": "push"
      }
    },
    "modes": {
      "repulse": {
        "distance": 80,
        "duration": 0.4
      },
      "push": {
        "particles_nb": 3
      }
    }
  },
  "retina_detect": true
}
