{
    "Standalone_financial_results_for_all_months": {
        "Quarter ended 31 December 2024": {
            "Revenue from operations": 15437.85,
            "Other income": 599.98,
            "Total income": 16037.83,
            "Cost of construction and development": 3512.06,
            "Changes in inventories of work-in-progress and finished properties": 1966.11,
            "Employee benefit expense": 1530.07,
            "Finance costs": 803.84,
            "Depreciation and amortisation expenses": 190.85,
            "Other expenses": 2378.67,
            "Total expenses": 10381.6,
            "Profit/loss before tax": 5656.23,
            "Current tax": 179.0,
            "Deferred tax": 661.59,
            "Profit/loss for the period/year": 4815.64,
            "Other comprehensive income/loss": 4.69,
            "Total comprehensive income/loss for the period/year, net of tax": 4810.95
        },
        "Quarter ended 30 September 2024": {
            "Revenue from operations": 15944.61,
            "Other income": 659.95,
            "Total income": 16604.56,
            "Cost of construction and development": 4668.11,
            "Changes in inventories of work-in-progress and finished properties": 3714.26,
            "Employee benefit expense": 1249.46,
            "Finance costs": 903.1,
            "Depreciation and amortisation expenses": 199.87,
            "Other expenses": 1599.28,
            "Total expenses": 12334.08,
            "Profit/loss before tax": 4270.48,
            "Current tax": 750.85,
            "Deferred tax": 410.88,
            "Profit/loss for the period/year": 3930.51,
            "Other comprehensive income/loss": 4.12,
            "Total comprehensive income/loss for the period/year, net of tax": 3926.39
        },
        "Quarter ended 31 December 2023": {
            "Revenue from operations": 2071.75,
            "Other income": 1522.27,
            "Total income": 3594.02,
            "Cost of construction and development": 3642.37,
            "Changes in inventories of work-in-progress and finished properties": 3880.2,
            "Employee benefit expense": 1184.23,
            "Finance costs": 1567.86,
            "Depreciation and amortisation expenses": 114.39,
            "Other expenses": 1819.66,
            "Total expenses": 4448.28,
            "Profit/loss before tax": 854.26,
            "Current tax": 188.75,
            "Deferred tax": 625.54,
            "Profit/loss for the period/year": 417.47,
            "Other comprehensive income/loss": 411.79,
            "Total comprehensive income/loss for the period/year, net of tax": 5.68
        },
        "Year to date period ended 31 December 2024": {
            "Revenue from operations": 61045.74,
            "Other income": 1814.77,
            "Total income": 62860.51,
            "Cost of construction and development": 9739.74,
            "Changes in inventories of work-in-progress and finished properties": 27511.67,
            "Employee benefit expense": 3912.67,
            "Finance costs": 2675.72,
            "Depreciation and amortisation expenses": 576.03,
            "Other expenses": 6189.44,
            "Total expenses": 50605.27,
            "Profit/loss before tax": 12255.24,
            "Current tax": 1341.49,
            "Deferred tax": 368.43,
            "Profit/loss for the period/year": 10545.32,
            "Other comprehensive income/loss": 12.94,
            "Total comprehensive income/loss for the period/year, net of tax": 10532.38
        },
        "Year to date period ended 31 December 2023": {
            "Revenue from operations": 9660.26,
            "Other income": 4165.03,
            "Total income": 13825.29,
            "Cost of construction and development": 14246.75,
            "Changes in inventories of work-in-progress and finished properties": 10931.28,
            "Employee benefit expense": 3789.75,
            "Finance costs": 4008.64,
            "Depreciation and amortisation expenses": 329.66,
            "Other expenses": 4599.03,
            "Total expenses": 16042.55,
            "Profit/loss before tax": 2217.26,
            "Current tax": 360.57,
            "Deferred tax": 1534.76,
            "Profit/loss for the period/year": 1043.07,
            "Other comprehensive income/loss": 514.36,
            "Total comprehensive income/loss for the period/year, net of tax": 528.71
        },
        "Year ended 31 March 2024": {
            "Revenue from operations": 52640.05,
            "Other income": 4941.99,
            "Total income": 57582.04,
            "Cost of construction and development": 22795.08,
            "Changes in inventories of work-in-progress and finished properties": 3107.79,
            "Employee benefit expense": 4872.83,
            "Finance costs": 5743.55,
            "Depreciation and amortisation expenses": 530.66,
            "Other expenses": 8091.8,
            "Total expenses": 45141.71,
            "Profit/loss before tax": 12440.33,
            "Current tax": 3015.72,
            "Deferred tax": 240.83,
            "Profit/loss for the period/year": 9665.44,
            "Other comprehensive income/loss": 119.54,
            "Total comprehensive income/loss for the period/year, net of tax": 9784.98
        }
    },
    "Balance_sheet": "Balance_sheet_are_not_present",
    "Cash_flow_statements": "Cash_flow_statements_are_not_present",
    "Statement_Consolidated_finanacial_results_for_all_months": {
        "Quarter ended 31 December 2024": {
            "Revenue from operations": 16175.71,
            "Other income": 1301.15,
            "Total income": 17476.86,
            "Cost of construction and development": 6272.52,
            "Changes in inventories of work-in-progress and finished properties": 1275.2,
            "Employee benefit expense": 2743.89,
            "Finance costs": 874.35,
            "Depreciation and amortisation expenses": 312.6,
            "Other expenses": 3596.12,
            "Total expenses": 12524.2,
            "Profit/loss before tax and share of profit/loss of joint ventures": 4952.66,
            "Share of profit/loss of joint ventures, net": 11.2,
            "Profit/loss before tax": 4941.42,
            "Current tax": 277.46,
            "Deferred tax": 411.9,
            "Profit/loss for the period/year": 4252.06,
            "Other comprehensive income/loss": 473.84,
            "Total comprehensive income/loss for the period/year, net of tax": 4725.9
        },
        "Quarter ended 30 September 2024": {
            "Revenue from operations": 16904.85,
            "Other income": 1300.74,
            "Total income": 18205.59,
            "Cost of construction and development": 6954.17,
            "Changes in inventories of work-in-progress and finished properties": 1336.96,
            "Employee benefit expense": 2422.55,
            "Finance costs": 992.04,
            "Depreciation and amortisation expenses": 362.4,
            "Other expenses": 2452.99,
            "Total expenses": 14521.11,
            "Profit/loss before tax and share of profit/loss of joint ventures": 3684.48,
            "Share of profit/loss of joint ventures, net": 5.14,
            "Profit/loss before tax": 3679.34,
            "Current tax": 866.23,
            "Deferred tax": 649.53,
            "Profit/loss for the period/year": 3462.64,
            "Other comprehensive income/loss": 85.79,
            "Total comprehensive income/loss for the period/year, net of tax": 3548.43
        },
        "Quarter ended 31 December 2023": {
            "Revenue from operations": 4244.84,
            "Other income": 1853.78,
            "Total income": 6098.62,
            "Cost of construction and development": 16172.47,
            "Changes in inventories of work-in-progress and finished properties": 16453.4,
            "Employee benefit expense": 2302.19,
            "Finance costs": 1709.07,
            "Depreciation and amortisation expenses": 241.77,
            "Other expenses": 3705.95,
            "Total expenses": 7678.05,
            "Profit/loss before tax and share of profit/loss of joint ventures": 1579.43,
            "Share of profit/loss of joint ventures, net": 55.23,
            "Profit/loss before tax": 1524.2,
            "Current tax": 122.64,
            "Deferred tax": 673.96,
            "Profit/loss for the period/year": 972.88,
            "Other comprehensive income/loss": 398.82,
            "Total comprehensive income/loss for the period/year, net of tax": 574.06
        },
        "Year to date period ended 31 December 2024": {
            "Revenue from operations": 64708.55,
            "Other income": 3775.74,
            "Total income": 68484.29,
            "Cost of construction and development": 18340.64,
            "Changes in inventories of work-in-progress and finished properties": 18110.73,
            "Employee benefit expense": 7518.13,
            "Finance costs": 2893.37,
            "Depreciation and amortisation expenses": 1011.19,
            "Other expenses": 9024.73,
            "Total expenses": 56898.79,
            "Profit/loss before tax and share of profit/loss of joint ventures": 11585.5,
            "Share of profit/loss of joint ventures, net": 17.75,
            "Profit/loss before tax": 11603.25,
            "Current tax": 1684.67,
            "Deferred tax": 74.21,
            "Profit/loss for the period/year": 9992.79,
            "Other comprehensive income/loss": 556.2,
            "Total comprehensive income/loss for the period/year, net of tax": 10548.99
        },
        "Year to date period ended 31 December 2023": {
            "Revenue from operations": 13795.74,
            "Other income": 4751.87,
            "Total income": 18547.61,
            "Cost of construction and development": 29591.27,
            "Changes in inventories of work-in-progress and finished properties": 27278.59,
            "Employee benefit expense": 6730.98,
            "Finance costs": 5019.86,
            "Depreciation and amortisation expenses": 642.72,
            "Other expenses": 8378.51,
            "Total expenses": 23084.75,
            "Profit/loss before tax and share of profit/loss of joint ventures": 4537.14,
            "Share of profit/loss of joint ventures, net": 38.72,
            "Profit/loss before tax": 4498.42,
            "Current tax": 395.89,
            "Deferred tax": 1853.59,
            "Profit/loss for the period/year": 3040.72,
            "Other comprehensive income/loss": 751.27,
            "Total comprehensive income/loss for the period/year, net of tax": 2289.45
        },
        "Year ended 31 March 2024": {
            "Revenue from operations": 56484.68,
            "Other income": 5547.2,
            "Total income": 62031.88,
            "Cost of construction and development": 41633.93,
            "Changes in inventories of work-in-progress and finished properties": 18108.4,
            "Employee benefit expense": 9026.2,
            "Finance costs": 6835.2,
            "Depreciation and amortisation expenses": 953.32,
            "Other expenses": 12204.58,
            "Total expenses": 52544.82,
            "Profit/loss before tax and share of profit/loss of joint ventures": 9487.06,
            "Share of profit/loss of joint ventures, net": 10.31,
            "Profit/loss before tax": 9497.37,
            "Current tax": 3084.81,
            "Deferred tax": 680.28,
            "Profit/loss for the period/year": 7092.84,
            "Other comprehensive income/loss": 429.91,
            "Total comprehensive income/loss for the period/year, net of tax": 7522.75
        }
    }
}